{
    "task": "transcribe",
    "language": "english",
    "duration": 16.360000610351562,
    "text": "Most engineers know that you can give text as an input to OpenAI's API and get a text output as a starting point for making chatbots. But did you know that you can also pass in an audio file and get a text transcription output using the same API? Today, I'm going to show you how to do that using TypeScript.",
    "segments": [
        {
            "id": 0,
            "seek": 0,
            "start": 0,
            "end": 4.039999961853027,
            "text": " Most engineers know that you can give text as an input to OpenAI's API and",
            "tokens": [
                50364,
                4534,
                11955,
                458,
                300,
                291,
                393,
                976,
                2487,
                382,
                364,
                4846,
                281,
                7238,
                48698,
                311,
                9362,
                293,
                50566
            ],
            "temperature": 0,
            "avg_logprob": -0.21334978938102722,
            "compression_ratio": 1.5958548784255981,
            "no_speech_prob": 0.0000443416356574744
        },
        {
            "id": 1,
            "seek": 0,
            "start": 4.039999961853027,
            "end": 7.239999771118164,
            "text": " get a text output as a starting point for making chatbots.",
            "tokens": [
                50566,
                483,
                257,
                2487,
                5598,
                382,
                257,
                2891,
                935,
                337,
                1455,
                5081,
                65,
                1971,
                13,
                50726
            ],
            "temperature": 0,
            "avg_logprob": -0.21334978938102722,
            "compression_ratio": 1.5958548784255981,
            "no_speech_prob": 0.0000443416356574744
        },
        {
            "id": 2,
            "seek": 0,
            "start": 7.239999771118164,
            "end": 10.15999984741211,
            "text": " But did you know that you can also pass in an audio file and",
            "tokens": [
                50726,
                583,
                630,
                291,
                458,
                300,
                291,
                393,
                611,
                1320,
                294,
                364,
                6278,
                3991,
                293,
                50872
            ],
            "temperature": 0,
            "avg_logprob": -0.21334978938102722,
            "compression_ratio": 1.5958548784255981,
            "no_speech_prob": 0.0000443416356574744
        },
        {
            "id": 3,
            "seek": 0,
            "start": 10.15999984741211,
            "end": 13.680000305175781,
            "text": " get a text transcription output using the same API?",
            "tokens": [
                50872,
                483,
                257,
                2487,
                35288,
                5598,
                1228,
                264,
                912,
                9362,
                30,
                51048
            ],
            "temperature": 0,
            "avg_logprob": -0.21334978938102722,
            "compression_ratio": 1.5958548784255981,
            "no_speech_prob": 0.0000443416356574744
        },
        {
            "id": 4,
            "seek": 0,
            "start": 13.680000305175781,
            "end": 16.200000762939453,
            "text": " Today, I'm going to show you how to do that using TypeScript.",
            "tokens": [
                51048,
                2692,
                11,
                286,
                478,
                516,
                281,
                855,
                291,
                577,
                281,
                360,
                300,
                1228,
                15576,
                14237,
                13,
                51174
            ],
            "temperature": 0,
            "avg_logprob": -0.21334978938102722,
            "compression_ratio": 1.5958548784255981,
            "no_speech_prob": 0.0000443416356574744
        }
    ]
}